<?xml version="1.0"?>
<data grt_format="2.0">
  <value _ptr_="0x55d6604fb240" type="list" content-type="object" content-struct-name="db.mgmt.Connection">
    <value type="object" struct-name="db.mgmt.Connection" id="4083095c-6480-11e9-ba3c-e09467ae4a84" struct-checksum="0x96ba47d8">
      <link type="object" struct-name="db.mgmt.Driver" key="driver">com.mysql.rdbms.mysql.driver.native</link>
      <value type="string" key="hostIdentifier">Mysql@localhost:3306</value>
      <value type="int" key="isDefault">0</value>
      <value _ptr_="0x55d660680d40" type="dict" key="modules"/>
      <value _ptr_="0x55d660680dc0" type="dict" key="parameterValues">
        <value type="string" key="DbSqlEditor:LastDefaultSchema">eabsensi</value>
        <value type="string" key="SQL_MODE"></value>
        <value type="string" key="hostName">localhost</value>
        <value type="int" key="lastConnected">1581988953</value>
        <value type="string" key="password"></value>
        <value type="int" key="port">3306</value>
        <value type="string" key="schema"></value>
        <value type="string" key="serverVersion">8.0.15</value>
        <value type="string" key="sslCA"></value>
        <value type="string" key="sslCert"></value>
        <value type="string" key="sslCipher"></value>
        <value type="string" key="sslKey"></value>
        <value type="int" key="useSSL">1</value>
        <value type="string" key="userName">root</value>
      </value>
      <value type="string" key="name">Local instance 3306</value>
      <link type="object" struct-name="GrtObject" key="owner">dcf7e8c7-5e64-11ea-ac7f-2fa4522d0faf</link>
    </value>
    <value type="object" struct-name="db.mgmt.Connection" id="4c24af7d-6482-11e9-ba3c-e09467ae4a84" struct-checksum="0x96ba47d8">
      <link type="object" struct-name="db.mgmt.Driver" key="driver">com.mysql.rdbms.mysql.driver.native</link>
      <value type="string" key="hostIdentifier">Mysql@localhost:3306</value>
      <value type="int" key="isDefault">1</value>
      <value _ptr_="0x55d660681480" type="dict" key="modules"/>
      <value _ptr_="0x55d660681500" type="dict" key="parameterValues">
        <value type="string" key="DbSqlEditor:LastDefaultSchema">semarthris</value>
        <value type="int" key="OPT_READ_TIMEOUT">300</value>
        <value type="string" key="SQL_MODE"></value>
        <value type="string" key="hostName">localhost</value>
        <value type="int" key="lastConnected">1583359795</value>
        <value type="string" key="password"></value>
        <value type="int" key="port">3306</value>
        <value type="string" key="schema"></value>
        <value type="string" key="serverVersion">8.0.19-0ubuntu0.19.10.3</value>
        <value type="string" key="sslCA"></value>
        <value type="string" key="sslCert"></value>
        <value type="string" key="sslCipher"></value>
        <value type="string" key="sslKey"></value>
        <value type="int" key="useSSL">1</value>
        <value type="string" key="userName">ahmad</value>
      </value>
      <value type="string" key="name">ahmad local</value>
      <link type="object" struct-name="GrtObject" key="owner">dcf7e8c7-5e64-11ea-ac7f-2fa4522d0faf</link>
    </value>
    <value type="object" struct-name="db.mgmt.Connection" id="a1b97fa3-3683-11ea-9833-507b9d7fae98" struct-checksum="0x96ba47d8">
      <link type="object" struct-name="db.mgmt.Driver" key="driver">com.mysql.rdbms.mysql.driver.native</link>
      <value type="string" key="hostIdentifier">Mysql@192.168.111.77:3306</value>
      <value type="int" key="isDefault">0</value>
      <value _ptr_="0x55d660681bc0" type="dict" key="modules"/>
      <value _ptr_="0x55d660681c40" type="dict" key="parameterValues">
        <value type="string" key="DbSqlEditor:LastDefaultSchema">tdpa</value>
        <value type="string" key="SQL_MODE"></value>
        <value type="string" key="hostName">192.168.111.77</value>
        <value type="int" key="lastConnected">1578975165</value>
        <value type="string" key="password"></value>
        <value type="int" key="port">3306</value>
        <value type="string" key="schema"></value>
        <value type="string" key="serverVersion">5.5.27</value>
        <value type="string" key="sslCA"></value>
        <value type="string" key="sslCert"></value>
        <value type="string" key="sslCipher"></value>
        <value type="string" key="sslKey"></value>
        <value type="int" key="useSSL">1</value>
        <value type="string" key="userName">root</value>
      </value>
      <value type="string" key="name">192.168.111.77</value>
      <link type="object" struct-name="GrtObject" key="owner">dcf7e8c7-5e64-11ea-ac7f-2fa4522d0faf</link>
    </value>
  </value>
</data>
