<?xml version="1.0"?>
<data grt_format="2.0">
  <value _ptr_="0x55d6604cf980" type="list" content-type="object" content-struct-name="db.mgmt.ServerInstance">
    <value type="object" struct-name="db.mgmt.ServerInstance" id="365e80e6-e560-11e9-b283-0242ab905e0a" struct-checksum="0x367436e2">
      <link type="object" struct-name="db.mgmt.Connection" key="connection">4c24af7d-6482-11e9-ba3c-e09467ae4a84</link>
      <value _ptr_="0x55d6605ec2c0" type="dict" key="loginInfo">
        <value type="string" key="ssh.hostName"></value>
        <value type="string" key="ssh.key">~/.ssh/ssh_private_key</value>
        <value type="string" key="ssh.localPort">3306</value>
        <value type="int" key="ssh.useKey">0</value>
        <value type="string" key="ssh.userName">mysql</value>
      </value>
      <value _ptr_="0x55d6605ec340" type="dict" key="serverInfo">
        <value type="string" key="basedir">/usr/</value>
        <value type="string" key="datadir">/var/lib/mysql/</value>
        <value type="string" key="detected_os_name">Linux</value>
        <value type="string" key="detected_os_type">linux</value>
        <value type="string" key="detected_os_variant">Ubuntu</value>
        <value type="string" key="detected_os_version">19.10</value>
        <value type="string" key="errorLogFilePath">/var/log/mysql/error.log</value>
        <value type="string" key="generalLogFilePath">/var/lib/mysql/ahmad-Lenovo-ideapad-300-14ISK.log</value>
        <value type="string" key="serverVersion">8.0.19-0ubuntu0.19.10.3</value>
        <value type="int" key="setupPending">1</value>
        <value type="string" key="slowLogFilePath">/var/lib/mysql/ahmad-Lenovo-ideapad-300-14ISK-slow.log</value>
        <value type="string" key="sys.config.path">/etc/mysql/my.cnf</value>
        <value type="string" key="sys.config.section">mysqld</value>
        <value type="string" key="sys.mysqld.start">/etc/init.d/mysql start</value>
        <value type="string" key="sys.mysqld.stop">/etc/init.d/mysql stop</value>
        <value type="string" key="sys.system">Linux</value>
        <value type="int" key="sys.usesudo">1</value>
        <value type="int" key="sys.usesudostatus">0</value>
      </value>
      <value type="string" key="name">ahmad local</value>
    </value>
    <value type="object" struct-name="db.mgmt.ServerInstance" id="1cf8846a-3684-11ea-9833-507b9d7fae98" struct-checksum="0x367436e2">
      <link type="object" struct-name="db.mgmt.Connection" key="connection">a1b97fa3-3683-11ea-9833-507b9d7fae98</link>
      <value _ptr_="0x55d6605ec9f0" type="dict" key="loginInfo"/>
      <value _ptr_="0x55d6605eca70" type="dict" key="serverInfo">
        <value type="int" key="setupPending">1</value>
      </value>
      <value type="string" key="name">192.168.111.77</value>
    </value>
    <value type="object" struct-name="db.mgmt.ServerInstance" id="0f43d2d4-51d9-11ea-823c-4749567947fc" struct-checksum="0x367436e2">
      <link type="object" struct-name="db.mgmt.Connection" key="connection">4083095c-6480-11e9-ba3c-e09467ae4a84</link>
      <value _ptr_="0x55d6606a3ca0" type="dict" key="loginInfo">
        <value type="string" key="ssh.hostName"></value>
        <value type="string" key="ssh.key">~/.ssh/ssh_private_key</value>
        <value type="string" key="ssh.localPort">3306</value>
        <value type="int" key="ssh.useKey">0</value>
        <value type="string" key="ssh.userName">mysql</value>
      </value>
      <value _ptr_="0x55d6606a3d20" type="dict" key="serverInfo">
        <value type="string" key="serverVersion">5.1</value>
        <value type="int" key="setupPending">1</value>
        <value type="string" key="sys.config.path">/etc/mysql/my.cnf</value>
        <value type="string" key="sys.config.section">mysqld</value>
        <value type="string" key="sys.mysqld.start">/etc/init.d/mysql start</value>
        <value type="string" key="sys.mysqld.stop">/etc/init.d/mysql stop</value>
        <value type="string" key="sys.system">Linux</value>
        <value type="int" key="sys.usesudo">1</value>
      </value>
      <value type="string" key="name">Local instance 3306</value>
    </value>
  </value>
</data>
